market,status,account_login,package,listing,privacy,qualification,submitted,notes
Google Play,blocked,logged_in,AAB ready,drafted,drafted,developer account creation needed,no,Play Console is at developer account signup; owner must choose individual or organization and complete verification/payment.
Huawei AppGallery,in_progress,logged_in,new APK built; upload replacement pending,current screenshots uploaded,privacy statement saved with intended URLs,APK app-name mismatch fixed locally; public legal URL deploy and APK replacement pending,no,Privacy declaration was saved in AGC. Huawei then reported app name mismatch: console name 星愿卡 vs APK label 愿望卡. Fixed Android label to 星愿卡 and rebuilt app-release-1.0.6.apk; replacement upload still needs to complete in AGC.
Xiaomi,blocked,login_needed,APK ready,drafted,drafted,software copyright ICP APP filing needed,no,Xiaomi developer platform redirects to Xiaomi account login; user login required.
OPPO,blocked,login_needed,APK ready,drafted,drafted,developer certification needed,no,OPPO management center redirects to HeyTap account login; user login required before app creation and material filling.
vivo,blocked,login_needed,APK ready,drafted,drafted,developer certification needed,no,vivo developer center redirects to vivo account login with SMS/password options; user login required.
Tencent App Store,blocked,browser_issue,APK ready,drafted,drafted,developer certification needed,no,Official management URL is https://app.open.qq.com/p/app/list; page fails to render in automated Chrome due Tencent script/module conflict, continue manually with QQ login if it renders locally.
Honor App Market,ready_to_fill,needed,APK ready,drafted,drafted,developer certification needed,no,Official Honor guidance points app submission to https://developer.honor.com/home; use the common APK and listing pack after Honor account registration/certification.
360 Mobile Assistant,skipped,not_needed,APK ready,drafted,drafted,not pursuing,no,User decided to abandon this channel for the current release wave.
Baidu Mobile Assistant,skipped,not_needed,APK ready,drafted,drafted,not pursuing,no,User decided to abandon this channel for the current release wave.
